{
    "tempo": 99.38401442307692,
    "beat_times": [
        2.1509297052154195,
        2.7546485260770974,
        3.358367346938776,
        3.892426303854875,
        4.438095238095238,
        4.983764172335601,
        5.587482993197279,
        6.191201814058957,
        6.806530612244898,
        7.410249433106576,
        8.025578231292517,
        8.826666666666668,
        9.430385487528344,
        10.045714285714286,
        10.649433106575964,
        11.253151927437642,
        11.868480725623582,
        12.47219954648526,
        13.075918367346938,
        13.679637188208616,
        14.294965986394558,
        14.898684807256236,
        15.502403628117914,
        16.117732426303853,
        16.733061224489795,
        17.336780045351475,
        17.940498866213154,
        18.54421768707483,
        19.147936507936507,
        19.751655328798186,
        20.36698412698413,
        20.970702947845805,
        21.586031746031747,
        22.189750566893423,
        22.793469387755103,
        23.39718820861678,
        24.01251700680272,
        24.6162358276644,
        25.219954648526077,
        25.73079365079365,
        26.241632653061224,
        26.83374149659864,
        27.44907029478458,
        28.05278911564626,
        28.656507936507936,
        29.271836734693878,
        29.875555555555554,
        30.490884353741496,
        31.106213151927438,
        31.698321995464852,
        32.30204081632653,
        32.91736961451247,
        33.53269841269841,
        34.124807256235826,
        34.728526077097506,
        35.34385487528345,
        35.94757369614513,
        36.56290249433106,
        37.16662131519274,
        37.77034013605442,
        38.385668934240364,
        38.989387755102044,
        39.593106575963716,
        40.20843537414966,
        40.81215419501134,
        41.41587301587302,
        42.01959183673469,
        42.63492063492063,
        43.250249433106575,
        43.84235827664399,
        44.44607709750567,
        45.06140589569161,
        45.66512471655329,
        46.268843537414966,
        46.88417233560091,
        47.48789115646259,
        48.288979591836735,
        48.90430839002268,
        49.50802721088435,
        50.11174603174603,
        50.72707482993197,
        51.33079365079365,
        51.93451247165533,
        52.54984126984127,
        53.16517006802721,
        53.76888888888889,
        54.360997732426306,
        54.97632653061225,
        55.59165532879818,
        56.19537414965986,
        56.79909297052154,
        57.40281179138322,
        58.018140589569164,
        58.726349206349205,
        59.42294784580499,
        60.03827664399093,
        60.641995464852606,
        61.245714285714286,
        61.86104308390023,
        62.46476190476191,
        63.06848072562358,
        63.68380952380952,
        64.2875283446712,
        64.89124716553289,
        65.49496598639456,
        66.1102947845805,
        66.71401360544218,
        67.31773242630385,
        67.93306122448979,
        68.54839002267573,
        69.15210884353742,
        69.75582766439909,
        70.35954648526076,
        70.96326530612245,
        71.5785941043084,
        72.18231292517007,
        72.78603174603174,
        73.38975056689343,
        74.00507936507937,
        74.60879818594104,
        75.21251700680273,
        75.82784580498866,
        76.43156462585034,
        77.03528344671201,
        77.54612244897959,
        78.05696145124716,
        78.66068027210885,
        79.26439909297052,
        79.8681179138322,
        80.47183673469388,
        81.08716553287982,
        81.6908843537415
    ],
    "modes": [
        {
            "mode": 1,
            "start_time": 0
        },
        {
            "mode": 3,
            "start_time": 20
        },
        {
            "mode": 2,
            "start_time": 40
        },
        {
            "mode": 2,
            "start_time": 60
        },
        {
            "mode": 1,
            "start_time": 80
        }
    ]
}